TAR,RAd,DECd,IGRINS_IR_OBS,OBS_duration(yr),simRA,simDEC,simbad
dark,317.12642,31.504549,293,4.447,nan,nan,nan
flaton,327.93317,10.245611,277,2.609,nan,nan,nan
flatoff,320.32154,10.247333,277,2.609,nan,nan,nan
cals,353.13043,30.470881,200,1.841,nan,nan,nan
v1075tau,68.033792,17.96075,94,2.449,68.0386825,17.956304166666666,L 1551-51
v830tau,68.290408,24.553062,88,4.301,68.29179124999999,24.56201527777778,V* V830 Tau
flat,221.16061,-20.07335,85,3.223,nan,nan,nan
sky,108.1213,24.144566,83,4.389,nan,nan,nan
dark,18.517088,-20.239546,76,3.549,nan,nan,nan
v827tau,68.058042,18.343778,74,2.448,68.06072124999999,18.337421944444444,V* V827 Tau
citau,68.469244,22.841571,73,4.476,68.46672666666666,22.841692499999997,V* CI Tau
hubble4,64.701059,28.321999,69,3.252,64.69595666666666,28.335413888888887,V* V1023 Tau
gj281,114.84065,2.1802126,67,4.315,114.84599458333332,2.183665833333333,BD+02  1729
*ktau,74.534875,25.053194,64,2.411,74.53913458333332,25.050408055555557,* k Tau
hr1237,60.165423,17.302712,57,4.446,60.15369874999999,17.296658611111113,HD  25175
dktau,67.683917,26.024056,55,2.333,67.68434708333332,26.02351472222222,V* DK Tau
hr945,47.536276,27.827041,45,3.402,47.53683041666666,27.81976611111111,HD  19600
hip13806,44.444042,29.661694,44,1.172,44.444469166666664,29.661462777777775,V* BW Ari
hd26736,63.633667,23.575528,42,1.172,63.63464291666666,23.57494388888889,HD  26736
ktau,74.545413,25.047893,42,2.236,74.53913458333332,25.050408055555557,* k Tau
hd26767,63.612667,12.435917,41,1.172,63.61356041666666,12.435314444444444,V* V1309 Tau
darks,322.16592,34.548417,41,2.123,nan,nan,nan
10boo,209.69104,21.696242,38,2.323,209.6621708333333,21.696202777777778,*  10 Boo
something,144.91345,30.594483,38,3.793,nan,nan,nan
hd26257,62.286875,0.17955556,37,1.172,62.28779291666666,0.1789722222222222,HD  26257
hr1234,60.307267,36.982365,37,3.347,60.3118,36.989473333333336,HD  25152
aatau,68.738828,24.477484,36,4.189,68.73092583333332,24.481399444444442,V* AA Tau
ktauv5.8,74.539208,25.052028,36,2.405,nan,nan,nan
wisej104915.57-531906.1,162.30529,-53.317336,35,0.189,162.32881374999997,-53.31946583333334,NAME Luhman 16
85gem,359.79585,-0.088703126,35,3.147,118.91622791666666,19.883968333333332,*  85 Gem
hip53836,165.20676,-52.074136,33,0.189,165.20739791666662,-52.074983888888895,HD  95534
18ori,79.014499,11.344974,33,2.427,79.01722791666666,11.341355,*  18 Ori
hr1237v6.3,60.1535,17.298028,32,2.446,nan,nan,nan
hip79229,242.54095,-24.582133,31,0.195,242.54115916666663,-24.58242138888889,HD 145127
hd53205v6.6,106.08,1.4930278,31,2.191,nan,nan,nan
hd145127,242.54109,-24.568443,30,3.394,242.54115916666663,-24.58242138888889,HD 145127
tauboo,206.85339,17.456845,30,1.216,206.8155975,17.456904166666664,* tau Boo
flatoff,319.35717,10.234917,30,2.536,nan,nan,nan
flaton,325.05783,10.252944,29,2.585,nan,nan,nan
test,280.24976,31.539847,29,6735.478,nan,nan,nan
lkca15,69.811479,22.356861,28,3.274,69.82413,22.350940833333336,EM* LkCa   15
hr1039,51.821516,12.733752,28,3.473,51.82781625,12.735285277777777,HD  21379
bd+201790,359.79399,-0.089511256,26,1.268,110.93162166666666,20.416292777777777,BD+20  1790
hr1234v6.4,60.3105,36.987833,26,2.506,nan,nan,nan
dstau,71.947571,29.415271,26,0.97,71.95248083333331,29.419774722222222,V* DS Tau
iqtau,67.470231,26.115439,25,4.435,67.46482041666667,26.112459444444447,V* IQ Tau
sky,80.070201,41.096096,25,3.923,nan,nan,nan
hr1482,70.361775,48.285923,25,3.23,70.35053375,48.30087888888889,HD  29526
hr2584v6.3,103.89533,8.3240833,24,2.52,nan,nan,nan
hd145188,242.58741,-22.131511,22,3.003,242.58285166666667,-22.156995277777778,HD 145188
gitau,68.390657,24.360241,22,4.309,68.39191999999998,24.354740833333334,V* GI Tau
hr1137,56.127037,20.92015,22,3.355,56.11751499999999,20.928736111111114,HD  23258
calibrations,263.07702,-20.10445,21,1.691,nan,nan,nan
blanksky,263.78073,-13.642058,21,0.164,nan,nan,nan
hr1558,73.700142,44.065976,21,3.224,73.71351083333333,44.06086305555555,HD  31069
hr6386,258.0467,-25.242712,21,2.033,258.05674875,-25.255145,HD 155379
flatoff,312.01242,10.255889,21,2.447,nan,nan,nan
hr1578,73.97847,5.4111163,20,3.121,73.99313416666666,5.399024166666667,HD  31411
hltau,67.915778,18.223491,19,4.159,67.91029958333333,18.232801388888888,V* HL Tau
18oriv5.5,79.016833,11.340806,19,2.394,nan,nan,nan
gmtau,69.5895,26.154639,18,2.443,69.58891249999999,26.15382888888889,V* GM Tau
dhtaua,67.431737,26.536495,18,0.97,67.42313333333333,26.549478611111113,V* DH Tau
ntts041559+1716,64.713708,17.389639,18,2.407,64.71543083333333,17.38793861111111,V* V1069 Tau
33lmi,157.97257,32.359252,18,1.432,157.96406083333332,32.37955888888889,*  33 LMi
hip86098,263.92902,-37.439181,18,0.175,263.92948833333327,-37.4398725,HD 159312
flaton,336.71233,10.222583,17,2.326,nan,nan,nan
wolf1130,301.30483,54.433673,17,3.142,301.2591454166666,54.43422972222222,Wolf 1130
dmtau,359.79394,4.4899283,17,3.028,68.45305624999999,18.169437222222225,V* DM Tau
hd144925,242.26579,-18.980238,17,4.066,242.26083833333328,-18.99556638888889,HD 144925
hd184787v6.7,293.57183,41.926056,17,2.502,nan,nan,nan
hr945v6.4,47.536167,27.82125,16,2.11,nan,nan,nan
29vul,309.63168,21.206024,16,2.56,309.63053749999995,21.201215555555557,*  29 Vul
cals,301.26627,54.426042,16,1.72,nan,nan,nan
hii2407,57.42472,24.454249,16,2.107,57.42615291666666,24.463006944444444,V* V1283 Tau
epic203868608,244.32329,-24.599207,16,1.275,244.32908916666665,-24.621871666666667,UGCS J161718.97-2437
hd25175,60.156881,17.292564,16,3.913,60.15369874999999,17.296658611111113,HD  25175
darks,54.596321,-20.210371,16,2.904,nan,nan,nan
hd37887,85.42019,-3.7235518,15,3.265,85.40014749999999,-3.731186388888889,HD  37887
test,199.1494,0.002200025,15,4.304,nan,nan,nan
85gemv5.4,118.91471,19.885833,15,2.372,nan,nan,nan
hr7734,303.52069,36.610161,15,4.541,303.52034416666663,36.60487888888889,HD 192538
hr3348v6.2,127.83075,37.265944,15,2.419,nan,nan,nan
7tri,33.97473,33.358872,15,2.74,33.984533333333324,33.358894444444445,*   7 Tri
hd192538,303.52175,36.605377,15,2.14,303.52034416666663,36.60487888888889,HD 192538
hr1578v6.5,73.993167,5.3989167,14,2.479,nan,nan,nan
hd95735,165.84262,35.94536,14,0.91,165.83414166666665,35.96988,HD  95735
hr3651v6.,138.05217,3.8655556,14,2.205,nan,nan,nan
bvirv5.4,179.97854,3.6594444,14,2.205,nan,nan,nan
gj1111,127.43611,26.765106,14,2.101,127.45563666666665,26.776007222222223,G  51-15
hr9019v6.3,357.22417,59.98125,14,1.14,nan,nan,nan
bvir,179.97796,3.6556501,13,2.702,179.98713624999996,3.6552066666666665,* b Vir
hd213013a,337.05233,23.534583,13,1.162,337.0552154166666,23.53257361111111,HD 213013A
ceres,313.03817,-24.398841,13,1.72,nan,nan,nan
hr2315v6.5,96.443917,2.2721389,13,2.092,nan,nan,nan
hd184787,293.57417,41.949688,13,3.18,293.57579416666664,41.92721861111111,HD 184787
hr1724v6.4,79.165458,1.9442778,13,2.162,nan,nan,nan
arcs,163.75828,30.627993,13,0.424,nan,nan,nan
hd71906,127.84373,37.252392,13,2.855,127.83319333333333,37.26494388888889,HD  71906
gj412b,166.34433,43.533426,13,0.828,166.37868999999998,43.521634444444445,BD+44  2051B
gj1111,359.79282,-0.090020078,12,1.858,127.45563666666665,26.776007222222223,G  51-15
5vul,291.56564,20.106871,12,2.688,291.5551925,20.097733055555555,*   5 Vul
gmaur,73.781616,30.362368,12,3.123,73.79575541666665,30.36649305555556,V* GM Aur
abaur,73.956073,30.548139,12,3.162,73.94102458333333,30.5511925,V* AB Aur
33lmiv5.9,157.96179,32.377944,12,2.4,nan,nan,nan
hr7384,291.36005,20.28057,12,1.774,291.34329833333334,20.27172583333333,HD 182761
hd23258,56.11823,20.928135,12,2.095,56.11751499999999,20.928736111111114,HD  23258
haro6-28,68.990917,22.912583,12,2.293,68.98693833333331,22.909951666666664,Haro 6-28
50lib,240.18867,-8.4010112,12,1.292,240.19846958333332,-8.411358055555556,*  50 Lib
hd152071,253.05967,-25.589805,11,1.268,253.06697541666662,-25.600614444444446,HD 152071
ec53,277.45657,1.2870021,11,1.284,nan,nan,nan
orisb676,83.839042,-5.4028889,11,1.29,nan,nan,nan
hr1724,79.165353,1.946741,11,0.356,79.17099666666667,1.9473277777777778,HD  34317
qvir,188.43178,-9.4440989,11,2.136,188.44478249999997,-9.452076944444444,* q Vir
hr8358v5.7,328.40667,19.669667,11,2.093,nan,nan,nan
hr8422,331.45302,45.110068,11,2.997,331.4602066666666,45.112498888888894,HD 209932
hr1137v6.,56.1155,20.930111,11,2.386,nan,nan,nan
hd73687v6.6,129.80908,-12.737139,10,0.429,nan,nan,nan
test,34.035667,12.554417,10,2.383,nan,nan,nan
hr2893v6.3,113.52092,10.568028,10,2.399,nan,nan,nan
hr4705v6.2,185.54133,24.770306,10,2.202,nan,nan,nan
hd161289,266.14216,2.5781253,10,2.661,266.1477820833333,2.5791336111111107,*  61 Oph B
hd145127,242.54546,-24.559928,10,2.967,242.54115916666663,-24.58242138888889,HD 145127
hd143187,238.99993,58.908402,10,4.716,238.95675541666665,58.91177138888889,HD 143187
pluto,286.03928,-20.545873,10,1.334,nan,nan,nan
hr6744v6.4,270.80425,19.616361,10,2.123,nan,nan,nan
hd53205,106.08027,1.4880301,10,4.058,106.08406208333332,1.4884916666666668,HD  53205
hip84147,258.05635,-25.25445,10,0.189,258.05674875,-25.255145,HD 155379
dark,240.03837,30.5966,10,4.14,nan,nan,nan
rik-229,246.48349,-25.988604,9,1.948,nan,nan,nan
hd146233,243.92015,-8.3626136,9,0.35,243.90529291666667,-8.369439166666668,*  18 Sco
hr2893,113.51866,10.5632,9,1.358,113.52067583333331,10.568075,HD  60275
hd163336,269.10548,-15.807148,9,2.008,269.0793133333333,-15.8125275,HD 163336
kic8453324,298.82717,44.489611,9,0.568,298.828625,44.489135833333336,KOI-7044
hr2315,96.436375,2.2831729,9,1.468,96.44386666666666,2.2716772222222223,HD  45137
hr2250v6.6,94.388083,14.059333,9,2.487,nan,nan,nan
orisb69,83.473292,-5.2382222,9,1.219,nan,nan,nan
hd37887v7.7,85.398125,-3.7326667,9,2.301,nan,nan,nan
k2-33,242.55306,-19.313977,9,0.68,242.56140749999997,-19.319279722222223,K2-33
cals,264.95617,-20.155717,9,0.518,nan,nan,nan
yygem,113.66656,31.862921,9,3.834,113.65603124999998,31.86949472222222,V* YY Gem
hbc684,286.77856,5.2289127,9,4.066,286.79109708333334,5.219671111111111,HBC 684
hip78168,239.42671,-20.972533,9,2.208,239.41859999999997,-20.983077499999997,HD 142883
hr7098v6.6,282.4325,31.627944,9,2.041,nan,nan,nan
hd7215,18.215426,32.085748,9,3.063,18.22079958333333,32.07544027777778,HD   7215
rik-28,239.35845,-20.855124,9,2.202,nan,nan,nan
hd65158v7.2,119.3575,-0.63675,9,2.331,nan,nan,nan
hd76037b,133.49242,8.4183611,9,0.328,133.49262749999997,8.41951861111111,HD  76037B
hd127304v6.,217.45637,31.793556,9,2.348,nan,nan,nan
agdra,240.3949,66.787825,9,2.095,240.4208854166666,66.80281416666666,V* AG Dra
hr4041,359.79282,-0.090021681,9,1.273,154.54380874999998,27.415480277777775,HD  89239
hr9019,357.23745,59.978025,9,1.923,357.2248233333333,59.97893638888889,HD 223386
hd205314,323.25658,49.980061,9,1.716,323.2357970833333,49.97763055555556,HD 205314
gj412b,359.79403,11.016922,9,0.232,166.37868999999998,43.521634444444445,BD+44  2051B
hr7734v6.5,303.52142,36.606611,9,2.489,nan,nan,nan
hd155379,258.06321,-25.238143,9,4.787,258.05674875,-25.255145,HD 155379
hd89239,154.54174,27.412615,8,3.06,154.54380874999998,27.415480277777775,HD  89239
hr4705,185.55904,24.775121,8,1.325,185.54511124999996,24.773866944444443,HD 107655
kic4758368,294.93596,39.852722,8,0.568,294.93637874999996,39.85246472222222,KOI-6448
hr4041,359.79506,-0.08904733,8,1.347,154.54380874999998,27.415480277777775,HD  89239
kic7605600,291.1485,43.288,8,1.088,291.15062624999996,43.285315555555556,KOI-6893
hbc682,285.58388,-5.5932185,8,2.978,285.59511249999997,-5.604258333333333,NAME V* FG Aql/G2
hr8246,323.24667,49.982097,8,1.954,323.2357970833333,49.97763055555556,HD 205314
flat,220.72796,-20.070918,8,1.615,nan,nan,nan
sky,258.6599,14.434361,8,2.984,nan,nan,nan
kic8719897,301.3085,44.80725,8,0.578,301.30867208333325,44.80697138888888,KOI-7081
hip19176,359.79399,-0.089511256,8,0.995,61.661658333333314,20.303097222222224,HD 284149
arcs,293.60935,-20.194965,8,0.021,nan,nan,nan
hd45105,96.983369,47.403178,8,4.427,96.96235791666666,47.404914444444444,HD  45105
hd71906,127.82775,37.266292,8,4.006,127.83319333333333,37.26494388888889,HD  71906
hip94833,289.45064,2.0321111,8,0.199,289.4507995833333,2.0317344444444445,HD 180782
kic11922782,296.00704,50.232778,8,0.087,296.0073758333333,50.23260388888889,[DCO2008] T-Cyg1-002
rik-12,238.78129,-20.417857,8,2.202,nan,nan,nan
7ser,230.58174,12.580558,8,2.287,230.59680708333332,12.56752111111111,*   7 Ser
bptau,64.800253,29.092889,8,3.167,64.81597583333333,29.10748027777778,V* BP Tau
hr1558v6.,73.712667,44.060611,8,1.997,nan,nan,nan
hr2584,103.89402,8.3249225,8,1.457,103.89424249999999,8.324286666666666,HD  50931
7triv5.2,33.987667,33.356917,8,1.27,nan,nan,nan
hd105388,182.03059,31.047977,8,2.069,182.0235283333333,31.049740833333335,HD 105388
rik-210,245.85908,-17.28429,7,1.066,nan,nan,nan
hip106393,323.24199,49.96574,7,2.713,323.2357970833333,49.97763055555556,HD 205314
hr3348,127.81768,37.259922,7,1.202,127.83319333333333,37.26494388888889,HD  71906
hr1692v6.2,78.683792,53.213944,7,2.383,nan,nan,nan
hd76037b,133.48842,8.4215278,7,0.093,133.49262749999997,8.41951861111111,HD  76037B
hip78977,241.84481,-22.041378,7,1.142,241.82410458333334,-22.060154166666667,HD 144548
epic211901114,130.41116,18.736438,7,1.115,130.39871416666665,18.743049722222224,V* CK Cnc
bd-075988,350.13996,-6.6131111,7,0.123,350.1436029166666,-6.6105025,BD-07  5988
hd145127v6.6,242.53738,-24.581472,7,0.552,nan,nan,nan
p05leov5.4,168.43613,-0.068194444,7,1.35,nan,nan,nan
j04130515145,63.272996,15.242189,7,0.096,nan,nan,nan
81uma,203.55361,55.335732,7,2.405,203.5304408333333,55.34843416666667,*  81 UMa
86uma,208.47092,53.724831,7,1.188,208.46255874999997,53.728675555555554,*  86 UMa
hr7098,359.78891,-0.091721637,7,1.134,282.4337008333333,31.62946388888889,HD 174567
uyaur,72.931714,30.778496,7,3.907,72.94745833333333,30.78709777777778,V* UY Aur
hr8816,347.4493,-14.493703,7,0.97,347.4564583333333,-14.510555277777778,HD 218639
hr8837,348.56094,50.614048,7,1.822,348.5599229166666,50.617894166666666,HD 219290
hr8837v6.3,348.55788,50.616028,7,2.189,nan,nan,nan
dgtau,66.776846,26.106685,7,3.192,66.76954708333332,26.104455833333336,V* DG Tau
hd23629,56.831403,24.115816,7,3.041,56.83765874999999,24.116267500000003,*  24 Tau
nsvs07394765,126.47575,24.436094,7,3.831,126.46621458333333,24.45127972222222,2MASS J08255189+2427
hd45137,96.430245,2.2799047,7,4.227,96.44386666666666,2.2716772222222223,HD  45137
hd189733,300.158,22.70863,7,2.364,300.18213749999995,22.710853055555553,HD 189733
hr3348,127.86283,37.265582,7,1.77,127.83319333333333,37.26494388888889,HD  71906
stha34,73.595542,17.165444,7,1.24,73.59864041666667,17.164859444444442,2MASS J04542368+1709
dltau,68.407835,25.346687,7,3.296,68.41281916666665,25.343915833333334,V* DL Tau
kic6307537,297.75471,41.681972,7,1.011,297.7570833333333,41.680452777777774,KOI-1120
hd31069,73.720706,44.062209,7,0.375,73.71351083333333,44.06086305555555,HD  31069
hd31592,74.537373,25.043243,7,0.293,74.53913458333332,25.050408055555557,* k Tau
hd31743,74.432,-13.706139,7,2.093,74.43600416666666,-13.704980277777777,HD  31743
epic202963882,243.31432,-27.713814,7,0.901,243.3287708333333,-27.734021944444446,EPIC 202963882
hr1026,51.292222,41.266818,7,3.055,51.289110833333325,41.25730027777778,HD  21038
l1551irs5,67.900316,18.121519,7,3.913,nan,nan,nan
kic9641031,288.02033,46.324306,7,0.085,288.02026083333334,46.324129444444445,V* FL Lyr
hd99966,172.62818,48.918822,7,2.855,172.62432124999998,48.93571027777777,HD  99966
lkca19,73.917711,30.298959,6,2.987,73.90404083333334,30.298638888888892,HD 282630
hd284154,61.309458,20.141306,6,0.016,61.309800416666654,20.139316944444445,HD 284154
hqtau,68.942138,22.835691,6,3.991,68.94721958333332,22.839344166666667,V* HQ Tau
gamaqr,335.4013,-1.387635,6,2.637,335.4140595833333,-1.3873380555555554,* gam Aqr
iras03301+3111,53.3025,31.357889,6,1.096,53.303517083333325,31.35670277777778,IRAS 03301+3111
rhoophc,246.38459,-23.391013,6,0.017,246.39632333333333,-23.447170833333335,* rho Oph
kic5211470,297.70896,40.309889,6,0.093,297.7084758333333,40.307606666666665,KOI-6541
gj876,343.31635,-14.251636,6,0.956,343.3197179166666,-14.263695277777778,BD-15  6290
gj3305,69.406208,-2.4875556,6,1.183,69.40604458333333,-2.4913525,GJ  3305
uxtaua,67.5187,18.220414,6,2.088,67.51665083333333,18.23039861111111,V* UX Tau
rytau,65.49432,28.434202,6,3.031,65.48922166666665,28.443203611111112,V* RY Tau
v410tau,64.628125,28.454389,6,2.109,64.62961791666666,28.4544875,V* V410 Tau
hd219290,348.59175,50.601644,6,4.287,348.5599229166666,50.617894166666666,HD 219290
gupsc,18.131824,17.061794,6,0.495,18.14604958333333,17.06543638888889,V* GU Psc
hd63714v7.9,117.55525,-1.4625833,6,0.811,nan,nan,nan
vesta,10.464229,-8.5302346,6,0.014,nan,nan,nan
kic9266285,284.31,45.769944,6,0.578,284.31043124999997,45.76957111111111,KOI-7151
hat-tr-205-013,347.03333,33.632056,6,0.107,347.03476249999994,33.634434444444445,1SWASP J230808.34+33
hd34317,79.192977,1.9592298,6,3.189,79.17099666666667,1.9473277777777778,HD  34317
lkca4,64.115667,28.131185,6,3.011,64.11711249999999,28.12659222222222,EM* LkCa    4
rxj0425.3+2618,66.322292,26.297028,6,1.967,66.32362416666666,26.297341388888892,[HJS91] 4872
detau,65.483611,27.918696,6,3.104,65.48181083333333,27.918384444444445,V* DE Tau
epic203476597,246.49065,-26.009564,6,0.18,246.49132499999996,-26.010365,2MASS J16255790-2600
epic203542463,244.52302,-25.761717,6,0.874,244.5362175,-25.78684666666667,EPIC 203542463
v883ori,84.563578,-7.0289715,6,0.707,84.57540583333332,-7.0405452777777775,V* V883 Ori
cmdra,248.60034,57.167779,6,2.569,248.58470791666664,57.16232361111111,V* CM Dra
hr6744,270.81018,19.616644,6,1.134,270.8106775,19.613154444444447,HD 165029
hr2133,90.85437,11.685486,6,1.452,90.85320374999999,11.681067222222222,HD  41076
cucnc,127.9091,19.386212,6,4.091,127.90655833333334,19.39427722222222,V* CU Cnc
hr598v6.5,31.165542,65.102167,6,1.984,nan,nan,nan
cwtau,63.580008,28.180101,6,3.109,63.57085041666666,28.1827125,V* CW Tau
hr2250,94.387612,14.059902,6,1.601,94.38880499999999,14.05867888888889,HD  43583
irasf04113+2758,63.609208,28.10075,6,1.243,63.609624999999994,28.10125,IRAS 04113+2758
hd145188,242.58692,-22.140933,6,1.265,242.58285166666667,-22.156995277777778,HD 145188
hd148968,248.04468,-12.419183,6,2.83,248.03368125,-12.431640833333333,HD 148968
twhya,165.48084,-34.683108,6,2.803,165.4662725,-34.704730833333336,V* TW Hya
trappist-1,346.62772,-5.0402357,6,0.019,346.6223683333333,-5.0413974999999995,TRAPPIST-1
hr2314v6.6,96.962792,47.405944,6,2.367,nan,nan,nan
hd148968,248.03318,-12.417682,6,2.033,248.03368125,-12.431640833333333,HD 148968
hr4041v6.5,154.54092,27.417722,6,2.387,nan,nan,nan
j06593158-0405277,104.88191,-4.0923371,6,0.093,nan,nan,nan
flaton,294.73671,10.226917,6,1.622,nan,nan,nan
hr1369,359.79603,-0.088628299,6,0.148,65.64559791666665,25.629313333333332,* chi Tau
hr8342v6.4,326.75429,70.150778,6,1.942,nan,nan,nan
fstau,65.513402,26.959193,6,2.129,65.50913541666665,26.958425277777778,V* FS Tau
nsvs06507557,29.59625,25.359,6,0.104,29.599486249999998,25.35546916666667,UCAC3 231-9376
europa,0.0,0.0,6,2.175,nan,nan,nan
30mon,126.41348,-3.8999456,6,0.434,126.4151333333333,-3.906421388888889,*  30 Mon
flatoff,291.58563,10.229306,6,1.622,nan,nan,nan
rik-100,242.47214,-24.67774,6,1.066,nan,nan,nan
iwtau,70.265353,24.839449,6,3.978,70.26965791666666,24.85167611111111,V* IW Tau
hd172404,280.22008,-20.494722,6,0.044,280.21902125,-20.49632888888889,HD 172404
flatoff,73.29475,10.274083,6,0.016,nan,nan,nan
xztau,67.918228,18.228661,6,3.992,67.91702833333332,18.232400555555554,V* XZ Tau
hd223386,357.22321,59.980051,6,0.713,357.2248233333333,59.97893638888889,HD 223386
hr8422v6.5,331.46121,45.113472,6,2.156,nan,nan,nan
v710taua,67.98975,18.359417,5,1.885,67.99082666666666,18.360260833333335,V* V710 Tau
j04560354+4313556,74.014208,43.232944,5,0.011,nan,nan,nan
v773tau,63.551308,28.201548,5,2.8,63.553846666666665,28.20343833333333,HD 283447
hd180681,288.85179,45.333472,5,1.97,288.8591120833333,45.33567888888889,HD 180681
hd209458,330.82321,18.882877,5,4.022,330.79488708333326,18.884318888888888,HD 209458
v892tau,64.675394,28.317564,5,2.956,64.66921666666666,28.321011388888888,V* V892 Tau
k2-25,63.274042,15.249528,5,2.025,63.27338916666666,15.247781388888889,K2-25
hd105388,182.03915,31.044183,5,1.467,182.0235283333333,31.049740833333335,HD 105388
qher,242.871,16.655581,5,1.347,242.86974333333333,16.66569111111111,* q Her
gntau,69.854072,25.751263,5,2.934,69.83717583333333,25.750562777777777,V* GN Tau
unspecified,259.42317,34.637972,5,2.579,nan,nan,nan
ttau,65.518057,19.533369,5,3.006,65.49763458333331,19.535121944444445,V* T Tau
ddtau,64.632195,28.272062,5,2.943,64.62969625,28.27476611111111,V* DD Tau
tetlep,91.514402,-14.925161,5,1.06,91.53884874999999,-14.935253333333334,* tet Lep
cal,101.45384,-20.141002,5,0.753,nan,nan,nan
hii1275,56.758125,23.495528,5,1.3,56.75591666666666,23.49494111111111,Cl Melotte   22  127
triton06ut,341.51288,-8.7751667,5,0.014,nan,nan,nan
as205,242.88096,-18.637417,5,0.088,242.88060666666664,-18.640545,V* V866 Sco
hip113238(rvstandard),343.97511,-26.659172,5,0.137,nan,nan,nan
ss433,256.31897,-5.0992826,5,2.811,287.95651874999993,4.982728888888889,SS 433
10boov5.8,209.65987,21.69675,5,1.293,nan,nan,nan
86umav5.7,208.45817,53.730139,5,1.263,nan,nan,nan
sr20w,247.08555,-24.357025,5,0.063,nan,nan,nan
69leo,168.43181,-0.058248725,5,0.391,168.4398045833333,-0.06950222222222222,* p05 Leo
55dra,287.4573,65.98477,5,1.635,287.4408562499999,65.97851472222223,*  55 Dra
ditau,67.424914,26.537239,5,2.071,67.42697333333334,26.5469775,V* DI Tau
ec53,277.47071,1.281745,5,1.992,nan,nan,nan
gktau,68.394914,24.355275,5,2.98,68.39401083333333,24.351626111111113,V* GK Tau
fztau,68.14315,24.32463,5,2.978,68.13234541666665,24.334182499999997,V* FZ Tau
gj576,226.21601,5.6579877,5,0.391,226.22302541666662,5.6381,BD+06  2986
lkca5,64.4105,28.549472,5,1.131,64.41227583333333,28.550158333333336,V* V1312 Tau
gj412b,166.34694,43.519549,5,1.109,166.37868999999998,43.521634444444445,BD+44  2051B
ghtau,68.270037,24.149687,5,2.814,68.27590874999999,24.15934111111111,V* GH Tau
metis,343.53205,-17.018199,5,0.014,nan,nan,nan
pallas05ut,316.45362,1.3199167,5,0.014,nan,nan,nan
fxtau,67.655548,24.44012,5,2.945,67.62340833333333,24.445840833333335,V* FX Tau
2mass0405+2007,61.302792,20.132139,5,0.016,nan,nan,nan
fqtau,64.800094,28.492516,5,2.934,64.80338583333332,28.492494722222222,V* FQ Tau
fmtau,63.559837,28.207306,5,2.968,63.55659958333333,28.21365722222222,V* FM Tau
flaton,76.6755,10.282083,5,0.016,nan,nan,nan
eunomia,1.8578324,23.286554,5,0.014,nan,nan,nan
nsv12466,297.50287,46.25676,5,0.109,297.4899666666666,46.25570527777778,EM* StHA  169
twa9a,177.11982,-37.457456,5,1.959,177.10092749999998,-37.48030888888889,CD-36  7429A
hd214019,338.32778,70.367187,5,3.834,338.3201245833333,70.37371499999999,HD 214019
hntau,68.416833,17.867056,5,2.071,68.41400499999999,17.864528333333336,V* HN Tau
zenithsky,313.01339,-30.395711,5,0.014,nan,nan,nan
hr5332,359.79189,-0.090424142,5,0.959,213.85035374999998,-18.200690833333333,HD 124683
irasf04325+2402,68.891208,24.142889,5,1.224,68.89746499999998,24.13872888888889,IRAS 04325+2402
hvtau,69.655952,26.180727,5,1.951,69.64704291666665,26.17740166666667,V* HV Tau
hr5167,359.79399,-0.089511256,5,1.265,206.4037145833333,-26.116009722222223,HD 119752
hr3651,359.79527,-0.088957537,5,1.364,138.05366874999996,3.8669794444444445,HD  79108
hr6386,359.79111,-0.090762858,5,1.057,258.05674875,-25.255145,HD 155379
hip77516,237.40016,-3.4326453,5,0.997,237.40502874999999,-3.4302041666666665,* mu. Ser
hr1482v5.6,70.350042,48.302194,5,1.025,nan,nan,nan
hd99966v7.4,172.61242,48.9345,5,2.129,nan,nan,nan
hd32147,359.79592,-0.088673195,5,0.068,75.20416291666666,-5.753672222222222,HD  32147
hd283759,69.208958,24.218583,5,1.183,69.20467749999999,24.21635388888889,HD 283759
iras16316-1540,248.62855,-15.768682,5,2.262,248.62216666666663,-15.783722222222222,HBC 650
istau,68.415739,26.161649,5,2.943,68.40330958333332,26.163630833333333,V* IS Tau
iptau,66.250083,27.200925,5,3.112,66.23784291666666,27.199039722222224,V* IP Tau
hii1032,56.61875,24.43875,4,1.181,56.61838541666666,24.43393222222222,V* V1171 Tau
hii1124,56.666417,24.032667,4,1.3,56.66410916666666,24.029685,V* V814 Tau
lkca3,63.6985,27.875639,4,2.208,63.699957083333324,27.876175555555555,V* V1098 Tau
2massj06593158-0405277,104.88154,-4.0905,4,1.107,104.88162083333333,-4.091045555555556,V* V960 Mon
lkca7,64.920708,27.830944,4,1.874,64.92195333333332,27.830041944444446,V* V1070 Tau
2massj08173001-6155158,124.3735,-61.914539,4,0.131,124.37499499999998,-61.92101722222222,2MASS J08173001-6155
hr4705,185.5469,24.765648,4,0.142,185.54511124999996,24.773866944444443,HD 107655
cokuhptaug3,68.97175,22.909583,4,1.137,68.97291291666666,22.9025,CoKu HP Tau G3
uscoctio5,239.96703,-19.726782,4,2.254,239.96045291666664,-19.743713055555556,UScoCTIO   5
uxtaub,359.79476,4.4277624,4,1.738,67.51665083333333,18.23039861111111,V* UX Tau
hii1095,56.659125,24.751583,4,1.273,56.657382916666656,24.74768888888889,Cl* Melotte   22
cokulkha332g2,70.524083,25.382833,4,1.132,70.52287333333332,25.382285,V* V999 Tau
hr2133v6.,90.850125,11.679222,4,1.915,nan,nan,nan
cokutau3,68.920042,24.185667,4,1.166,nan,nan,nan
hd215143,340.80971,-6.9628333,4,0.691,340.80942749999997,-6.9629375,*  67 Aqr
gj436,175.55344,26.700775,4,1.71,175.5462220833333,26.706571666666665,Ross  905
gj87,33.075326,3.5781751,4,0.019,33.087447499999996,3.575619444444444,BD+02   348
hii1136,56.669542,23.499639,4,1.3,56.66769666666666,23.497744166666667,V* V1065 Tau
hd309751,142.9352,-65.247525,4,0.013,142.93643375,-65.24792833333333,HD 309751
v1431aql,292.24772,1.9636157,4,1.486,292.25411249999996,1.9504494444444445,* c Aql
kic9821078,286.81321,46.666306,4,1.082,286.81924,46.664763888888885,[DCO2008] T-Lyr1-172
gvtau,67.353125,24.554833,4,1.183,67.34888083333333,24.550060000000002,V* GV Tau
pallas,266.71822,24.530817,4,0.342,nan,nan,nan
hii1309,56.790708,24.281667,4,1.195,56.79188999999999,24.276650555555555,HD  23584
bd+303639,293.71228,30.524819,4,1.055,293.68847374999996,30.51637527777778,HD 184738
gmaur,73.792792,30.368361,4,0.218,73.79575541666665,30.36649305555556,V* GM Aur
hip51297(rvstandard),157.18016,-27.366444,4,0.011,nan,nan,nan
v1096tau,63.361167,28.273306,4,1.131,63.363427499999986,28.27351472222222,V* V1096 Tau
v1095tau,63.307083,28.318917,4,1.131,63.30897916666665,28.319630555555555,V* V1095 Tau
hd43583,94.393148,14.04232,4,1.509,94.38880499999999,14.05867888888889,HD  43583
l1551-55,68.193726,18.049063,4,2.959,68.18223333333331,18.048975000000002,V* V1076 Tau
l1642-2,68.703667,-14.22025,4,1.033,nan,nan,nan
pds110,80.873417,-1.0699444,4,0.653,80.87920999999999,-1.0732497222222221,HD 290380
hd183324,292.2476,1.9603282,4,1.745,292.25411249999996,1.9504494444444445,* c Aql
gj388,154.89053,19.870114,4,0.997,154.90116999999998,19.87000388888889,BD+20  2465
gcoff,359.78814,-0.092055364,4,0.009,nan,nan,nan
hd97101,167.76853,30.431971,4,0.213,167.7715495833333,30.44601777777778,HD  97101
dftau,66.749554,25.708334,4,2.145,66.76163208333332,25.706237777777776,V* DF Tau
ntts034903+2431,58.011083,24.665194,4,1.21,58.009257083333324,24.66324722222222,V* V679 Tau
hr7384v6.3,291.33946,20.272833,4,1.625,nan,nan,nan
hd76037b,133.49371,8.4197222,4,0.017,133.49262749999997,8.41951861111111,HD  76037B
29vulv4.8,309.62883,21.2015,4,0.159,nan,nan,nan
nsvs02502726,131.04321,54.398139,4,2.11,131.0459908333333,54.39651527777778,GSC 03798-01207
epic204432860,240.49961,-22.346577,4,0.819,240.501645,-22.35662277777778,ASAS J160200-2221.5
hr7379,291.625,-14.542022,4,0.951,291.60242166666666,-14.551235833333335,HD 182678
epic203710387,244.10889,-25.187852,4,0.904,244.12781124999995,-25.205616666666668,DENIS J161630.6-2512
hr6963,359.7879,-0.092160121,4,1.94,278.34461749999997,-5.911718888888889,HD 171149
ntts035120+3154ne,58.6265,32.045028,4,1.096,58.62572791666666,32.051207777777776,2MASS J03543017+3203
hd172728,279.40345,62.538449,4,4.513,279.3896570833333,62.52657194444444,HD 172728
ntts035120+3154sw,58.623625,32.044583,4,1.096,58.62293541666666,32.05039083333333,2MASS J03542950+3203
zztau,67.703528,24.699374,4,2.814,67.71411166666665,24.706203055555555,V* ZZ Tau
rhocet,36.483106,-12.284955,4,1.082,36.48752499999999,-12.29047138888889,* rho Cet
twa5a,172.98737,-34.588728,4,1.0,172.98025124999998,-34.60755944444445,CD-33  7795
kapandv4.,355.10317,44.335056,4,2.019,nan,nan,nan
orisb435,83.763417,-5.4801389,4,1.167,nan,nan,nan
ntts155808,240.27222,-22.4415,4,0.189,nan,nan,nan
hr658,33.872746,-9.4702357,4,1.203,33.86796333333333,-9.466526666666667,HD  13936
ngc4593,189.92577,-5.3538441,4,0.145,189.91434791666663,-5.344176388888888,NGC  4593
2massj15394189-0520428,234.92758,-5.3439278,4,0.183,234.9246820833333,-5.345212222222222,2MASS J15394189-0520
drtau,71.779494,16.978344,4,2.145,71.77589666666665,16.978559444444443,V* DR Tau
dqtau,71.720523,17.022458,4,1.093,71.72107374999999,17.0000375,V* DQ Tau
hd7215v7.0,18.21825,32.076722,4,0.836,nan,nan,nan
t-lyr0-08070,289.76342,38.683528,4,0.937,nan,nan,nan
dhtau,67.438342,26.544981,4,0.942,67.42313333333333,26.549478611111113,V* DH Tau
hr1234,60.31598,36.997466,4,2.191,60.3118,36.989473333333336,HD  25152
hd76151,133.56957,-5.4390554,4,2.235,133.57477875,-5.434457222222222,HD  76151
hip109056,331.40406,28.967852,4,0.008,331.39447749999994,28.963977222222223,*  23 Peg
fvtauc,359.79475,-0.089182018,4,1.987,66.72308958333333,26.11498388888889,V* FV Tau
fvtau,66.721792,26.115639,4,1.131,66.72308958333333,26.11498388888889,V* FV Tau
ittau,68.491075,26.222252,4,2.814,68.47792166666665,26.22431194444444,V* IT Tau
fotau,63.711042,28.211917,4,1.137,63.70533208333333,28.20846138888889,V* FO Tau
hd79108,138.05899,3.8704088,4,1.617,138.05366874999996,3.8669794444444445,HD  79108
hr8342,326.74432,70.151794,4,2.104,326.75354166666665,70.15088166666668,HD 207636
hd95735,165.81594,35.959833,4,1.642,165.83414166666665,35.96988,HD  95735
pcyg,304.47838,38.042472,4,4.107,304.44667499999997,38.03293111111111,* P Cyg
europa,173.54487,4.2738211,4,2.662,nan,nan,nan
hr3986v6.2,152.14304,-15.609583,4,1.281,nan,nan,nan
ngc7027,316.27511,14.593224,4,2.175,316.75749999999994,42.236111111111114,NGC  7027
hip56147,172.63766,48.937821,4,1.096,172.62432124999998,48.93571027777777,HD  99966
orisb138,83.587292,-5.1774444,4,0.232,nan,nan,nan
hd140775,236.33827,5.4535657,4,1.374,236.34782624999997,5.4473191666666665,HD 140775
gamcrb,235.68553,26.287707,4,1.035,235.6856895833333,26.295634444444445,* gam CrB
hip87939,269.46227,2.2538861,4,0.085,269.4625045833333,2.2535541666666665,HD 163792
hd23603v7.2,57.366667,57.120944,4,1.217,nan,nan,nan
hd182110,290.94942,-17.17939,4,0.014,290.9539091666666,-17.195788055555557,HD 182110
v836tau,75.777042,25.388389,4,1.144,75.77749499999999,25.38877888888889,V* V836 Tau
hii1856,57.108708,24.048528,4,1.243,57.10901999999999,24.048388055555556,HD 282971
hii1797,57.070333,23.637694,4,1.298,57.07043208333332,23.636783333333334,BD+23   551
hops84,83.862958,-5.0635556,4,0.18,83.86144166666665,-5.0653,IRAS 05329-0505
hd184195v6.9,292.54762,56.645917,4,1.154,nan,nan,nan
gamaqrv3.8,335.41163,-1.3849167,4,1.055,nan,nan,nan
hii1514,56.915958,24.369333,4,1.301,56.918522499999995,24.364558333333335,HD 282967
hd53205,106.09462,1.4917044,4,1.115,106.08406208333332,1.4884916666666668,HD  53205
hii1794,57.071458,23.891528,4,1.3,57.07131624999999,23.890352777777778,HD 282972
hd25175,60.162243,17.289769,4,0.011,60.15369874999999,17.296658611111113,HD  25175
ss433,287.96881,4.9796824,4,1.945,287.95651874999993,4.982728888888889,SS 433
hii489,56.231667,24.436889,4,1.246,56.23498125,24.432609722222224,TYC 1803-808-1
hii1613,56.969667,23.942472,4,1.3,56.96885749999999,23.941230277777777,HD 282973
j1219-39,184.83637,-39.856667,4,0.175,nan,nan,nan
hd187123,296.72787,34.4243,4,0.102,296.74213416666663,34.41952194444444,HD 187123
81uma,203.51183,55.336881,4,2.948,203.5304408333333,55.34843416666667,*  81 UMa
iras16316-1540,248.60911,-15.767351,4,1.224,248.62216666666663,-15.783722222222222,HBC 650
iras18270-0153,277.41163,-1.8512194,4,0.153,277.40374999999995,-1.8505555555555557,IRAS 18270-0153
hd108381,186.74341,28.264841,4,1.262,186.73446666666663,28.2684225,* gam Com
hd163336v5.9,269.08017,-15.811139,4,0.041,nan,nan,nan
hd169754,276.67813,-11.343516,4,0.328,276.67772375,-11.356897222222221,HD 169754
irasf04370+2559,70.033458,26.091222,4,1.013,70.03335166666666,26.090395555555553,IRAS 04370+2559
hd161289,266.14086,2.5816691,4,1.538,266.1477820833333,2.5791336111111107,*  61 Oph B
hd1561,5.0387777,48.858554,4,1.864,5.021525833333333,48.86544722222222,HD   1561
65sgrv6.5,301.35917,-12.664778,4,2.412,nan,nan,nan
rwaur,76.958011,30.39611,4,2.066,76.95652583333332,30.401438055555555,V* RW Aur
hd155177,265.53531,-86.134519,4,0.027,265.5374620833333,-86.13478833333335,HD 155177
hii2366,57.401833,24.295917,4,1.298,57.40226624999999,24.29606388888889,Cl Melotte   22  236
v955tau,70.530875,25.387972,4,1.101,70.53246791666666,25.386616666666665,EM* LkHA  332
hops388,86.551292,-0.097805556,4,1.052,86.55473749999999,-0.10135444444444446,V* V1647 Ori
v928tau,68.077375,24.373389,4,1.144,68.07868291666665,24.374086944444446,V* V928 Tau
v927tau,67.847875,24.180722,4,1.033,67.84922749999998,24.181384166666668,EM* LkHA  331
irasf04248+2612,66.981708,26.322972,4,1.248,66.98877875,26.321750833333333,IRAS 04248+2612
hd150437g2,250.52712,-29.123778,4,0.019,nan,nan,nan
hd109615,188.95163,39.685672,4,0.823,188.94719125,39.68369833333333,HD 109615
hd172728,279.35738,62.522335,4,1.317,279.3896570833333,62.52657194444444,HD 172728
hops213,85.699708,-8.6686944,4,1.989,85.70036499999999,-8.668958888888888,2MASS J05424808-0840
j06361880+0934066,99.073875,9.5657222,4,0.071,nan,nan,nan
hops158,84.352833,-6.9749444,4,2.225,84.35198666666666,-6.975806666666667,IRAS 05350-0700
hotau,68.830493,22.528906,4,2.817,68.83420958333332,22.537376944444446,V* HO Tau
hd27761,0.0,4.3905444,4,0.35,65.86238791666666,16.629404722222223,HD  27761
v346nor,248.13323,-44.924431,4,0.145,248.13413583333335,-44.92518194444444,IRAS 16289-4449
hd283572,65.489201,28.302339,4,2.055,65.49520083333331,28.301808611111113,HD 283572
hbc254,242.88993,-18.622425,4,0.156,242.88060666666664,-18.640545,V* V866 Sco
rafgl2591,359.78926,-0.091566995,4,0.068,307.35431874999995,40.18898083333333,RAFGL 2591
arc,331.19519,-20.21377,4,0.614,nan,nan,nan
hip100128,304.68163,-61.906231,4,0.08,304.68182291666665,-61.90671555555556,HD 192510
hip82560,253.1323,-42.991508,4,0.132,253.13286749999997,-42.991794166666665,HD 151966
hr1039v6.3,51.82625,12.736389,4,2.055,nan,nan,nan
hd219485,348.67168,74.232201,4,1.94,348.65460041666665,74.23127055555555,HD 219485
hd20911,50.422083,-20.321111,4,1.118,50.4247175,-20.324649166666667,HD  20911
vytau,69.821417,22.797444,4,1.033,69.82258666666667,22.798155833333336,V* VY Tau
51dra,286.23953,53.394245,4,1.129,286.2298591666666,53.39665333333333,*  51 Dra
hd21038,51.302865,41.257046,4,2.096,51.289110833333325,41.25730027777778,HD  21038
hip95793,292.26493,1.9612444,4,0.016,292.25411249999996,1.9504494444444445,* c Aql
hd25152,60.319144,36.972384,4,0.028,60.3118,36.989473333333336,HD  25152
kic3830820,284.62408,38.97125,4,0.011,284.6202491666666,38.96955527777778,KOI-6360
gwori,82.283833,11.870083,4,2.052,82.28496874999999,11.87018138888889,V* GW Ori
hd22401,54.565583,47.577139,4,0.167,54.56491416666666,47.57698611111111,HD  22401
55cnc,133.1311,28.331987,4,0.274,133.14921375,28.33082111111111,* rho01 Cnc
suaur,73.996875,30.566722,4,1.014,73.99744208333333,30.567083055555557,V* SU Aur
hops163,84.321583,-6.6032222,4,1.998,84.322075,-6.605041666666667,2MASS J05371729-0636
51eri,69.400542,-2.4696389,4,1.183,69.40055125,-2.4735494444444446,*  51 Eri
hd223386,357.26099,59.975577,4,0.833,357.2248233333333,59.97893638888889,HD 223386
hd112304,193.96818,-15.324924,4,1.074,193.97184624999997,-15.327023333333333,HD 112304
hd109615,188.94885,39.686245,4,2.598,188.94719125,39.68369833333333,HD 109615
wasp-69,315.02675,-5.0942778,4,0.085,315.02582041666665,-5.094454722222222,BD-05  5432
